Experiment,Model,Order,Percentage,AvgIterations,Time
RHB2,armax,2,13.000000,4.076923,5322.563588
RHB2,armax,4,5.000000,6.800000,10172.698679
RHB2,armax,6,4.000000,7.000000,14955.509542
RHB2,armax,8,6.000000,6.666667,17396.017954
RHB2,armax,10,8.000000,5.750000,24904.125360
