Experiment,Model,Order,Percentage,AvgIterations,Time
RHB2,arx,2,13.000000,4.076923,1366.108708
RHB2,arx,4,5.000000,6.800000,1446.064021
RHB2,arx,6,4.000000,7.000000,1858.910564
RHB2,arx,8,4.000000,4.250000,14459.895721
RHB2,arx,10,6.000000,5.166667,3685.866520
