Experiment,Model,Order,Percentage,AvgIterations,Time
RHB2,bj,2,7.000000,4.428571,9567.778022
RHB2,bj,4,6.000000,5.500000,28173.877593
RHB2,bj,6,7.000000,5.571429,27123.782134
RHB2,bj,8,5.000000,5.400000,27498.583212
RHB2,bj,10,14.000000,5.500000,30673.777648
