Experiment,Model,Order,Percentage,AvgIterations,Time
RHB2,hw,2,5.000000,4.200000,11784.272856
RHB2,hw,4,7.000000,5.857143,12307.810416
RHB2,hw,6,10.000000,5.700000,11922.228141
RHB2,hw,8,7.000000,5.000000,10702.583041
RHB2,hw,10,7.000000,6.142857,16887.346522
