Experiment,Model,Order,Percentage,AvgIterations,Time
RHB2,nlarx,2,10.000000,5.000000,28764.272556
RHB2,nlarx,4,10.000000,5.000000,63848.910367
RHB2,nlarx,6,10.000000,4.700000,120761.466720
RHB2,nlarx,8,10.000000,5.000000,177981.318222
RHB2,nlarx,10,10.000000,5.000000,247981.318222