Experiment,Model,Order,Percentage,AvgIterations,Time
RHB2,ss,2,5.000000,7.000000,17794.866794
RHB2,ss,4,6.000000,4.500000,19807.586844
RHB2,ss,6,5.000000,4.600000,20212.029526
RHB2,ss,8,10.000000,6.900000,29001.225187
RHB2,ss,10,4.000000,5.250000,43482.083220
