Experiment,Model,Order,Percentage,AvgIterations,Time
RHB2,tf,2,7.000000,7.571429,11776.724977
RHB2,tf,4,9.000000,5.111111,26137.959605
RHB2,tf,6,7.000000,5.428571,24977.195603
RHB2,tf,8,8.000000,5.875000,24720.947533
RHB2,tf,10,4.000000,8.250000,24671.757926
