Experiment,Model,Order,Percentage,AvgIterations,Time
AT,armax,2,38.000000,4.868421,4625.617643
AT,armax,4,44.000000,5.068182,2936.570208
AT,armax,6,43.000000,5.023256,3230.860567
AT,armax,8,35.000000,4.542857,3459.478428
AT,armax,10,40.000000,5.225000,4093.102067
