Experiment,Model,Order,Percentage,AvgIterations,Time
AT,arx,2,24.000000,4.666667,850.435136
AT,arx,4,25.000000,5.520000,1051.578979
AT,arx,6,21.000000,5.714286,896.482724
AT,arx,8,35.000000,5.400000,1014.884464
AT,arx,10,27.000000,5.666667,895.449903
