Experiment,Model,Order,Percentage,AvgIterations,Time
AT,bj,2,97.000000,2.845361,2427.900386
AT,bj,4,92.000000,3.467391,2551.411838
AT,bj,6,89.000000,3.348315,2949.123514
AT,bj,8,91.000000,3.329670,2295.346010
AT,bj,10,83.000000,3.975904,3070.833884
