Experiment,Model,Order,Percentage,AvgIterations,Time
AT,hw,2,36.000000,3.888889,48402.121607
AT,hw,4,34.000000,4.411765,50201.378966
AT,hw,6,22.000000,4.181818,43819.127041
AT,hw,8,25.000000,4.000000,50659.301803
AT,hw,10,26.000000,4.884615,49320.887251
