Experiment,Model,Order,Percentage,AvgIterations,Time
AT,nlarx,2,51.000000,4.764706,139424.906937
AT,nlarx,4,66.000000,3.939394,108759.512105
AT,nlarx,6,63.000000,3.698413,66958.213047
AT,nlarx,8,58.000000,3.241379,98907.112637
AT,nlarx,10,58.000000,3.741379,128096.262133
