Experiment,Model,Order,Percentage,AvgIterations,Time
AT,ss,2,88.000000,4.897727,3205.685841
AT,ss,4,79.000000,3.696203,4131.357312
AT,ss,6,60.000000,4.233333,7664.666228
AT,ss,8,78.000000,3.666667,6484.392590
AT,ss,10,74.000000,3.756757,7982.339154
