Experiment,Model,Order,Percentage,AvgIterations,Time
AT,tf,2,100.000000,3.100000,2114.293680
AT,tf,4,86.000000,3.662791,2249.016529
AT,tf,6,85.000000,4.141176,2325.667484
AT,tf,8,89.000000,3.741573,2250.096237
AT,tf,10,83.000000,3.915663,2248.394825
