Experiment,Model,Order,Percentage,AvgIterations,Time
AFC,armax,2,100.000000,1.570000,1383.539958
AFC,armax,4,81.000000,4.111111,3575.087259
AFC,armax,6,98.000000,2.826531,2661.750077
AFC,armax,8,97.000000,2.639175,2678.896156
AFC,armax,10,96.000000,2.958333,3217.083340
