Experiment,Model,Order,Percentage,AvgIterations,Time
AFC,arx,2,100.000000,1.600000,1156.470203
AFC,arx,4,100.000000,2.320000,1508.445203
AFC,arx,6,98.000000,2.204082,1666.973008
AFC,arx,8,100.000000,2.540000,1885.740907
AFC,arx,10,99.000000,2.959596,2228.095428
