Experiment,Model,Order,Percentage,AvgIterations,Time
AFC,bj,2,100.000000,1.580000,1231.647763
AFC,bj,4,100.000000,1.540000,1224.503812
AFC,bj,6,100.000000,1.810000,1422.608159
AFC,bj,8,93.000000,3.623656,3036.195227
AFC,bj,10,100.000000,1.570000,1528.470974
