Experiment,Model,Order,Percentage,AvgIterations,Time
AFC,hw,2,100.000000,1.930000,2218.106859
AFC,hw,4,100.000000,2.020000,1993.568984
AFC,hw,6,100.000000,2.030000,2342.522389
AFC,hw,8,99.000000,1.919192,2278.537345
AFC,hw,10,100.000000,1.970000,2361.046294
