Experiment,Model,Order,Percentage,AvgIterations,Time
AFC,nlarx,2,100.000000,2.240000,7702.841725
AFC,nlarx,4,100.000000,2.070000,7906.471803
AFC,nlarx,6,100.000000,2.290000,7856.356449
AFC,nlarx,8,100.000000,1.930000,8172.079930
AFC,nlarx,10,99.000000,2.070707,8081.759297