Experiment,Model,Order,Percentage,AvgIterations,Time
AFC,ss,2,100.000000,1.870000,1297.511166
AFC,ss,4,100.000000,1.930000,1543.941418
AFC,ss,6,100.000000,1.970000,2024.724500
AFC,ss,8,100.000000,1.990000,2351.567987
AFC,ss,10,100.000000,1.910000,2894.467459
