Experiment,Model,Order,Percentage,AvgIterations,Time
AFC,tf,2,99.000000,2.090909,1144.616137
AFC,tf,4,92.000000,2.684783,1537.006363
AFC,tf,6,98.000000,2.091837,1246.362519
AFC,tf,8,100.000000,2.660000,1588.194067
AFC,tf,10,99.000000,2.181818,1683.334707
