Experiment,Model,Order,Percentage,AvgIterations,Time
RHB1,armax,2,8.000000,5.750000,5170.802647
RHB1,armax,4,7.000000,8.000000,8822.569160
RHB1,armax,6,7.000000,5.714286,13218.878280
RHB1,armax,8,10.000000,6.000000,15774.759704
RHB1,armax,10,8.000000,4.750000,20169.144105
