Experiment,Model,Order,Percentage,AvgIterations,Time
RHB1,arx,2,8.000000,5.750000,1344.998928
RHB1,arx,4,7.000000,8.000000,1871.942280
RHB1,arx,6,7.000000,5.714286,1665.864329
RHB1,arx,8,3.000000,4.333333,11768.922546
RHB1,arx,10,10.000000,5.800000,3141.546966
