Experiment,Model,Order,Percentage,AvgIterations,Time
RHB1,bj,2,4.000000,5.000000,5114.779234
RHB1,bj,4,8.000000,5.125000,5812.090781
RHB1,bj,6,7.000000,6.285714,6648.592671
RHB1,bj,8,6.000000,6.500000,7503.246834
RHB1,bj,10,8.000000,5.000000,8497.797270
