Experiment,Model,Order,Percentage,AvgIterations,Time
RHB1,hw,2,5.000000,4.200000,9773.929545
RHB1,hw,4,10.000000,5.100000,9258.934704
RHB1,hw,6,5.000000,4.200000,7193.224942
RHB1,hw,8,5.000000,5.800000,8301.467795
RHB1,hw,10,5.000000,4.600000,7112.722588