Experiment,Model,Order,Percentage,AvgIterations,Time
RHB1,nlarx,2,9.000000,4.555556,29431.397141
RHB1,nlarx,4,9.000000,4.555556,66536.396193
RHB1,nlarx,6,10.000000,5.700000,68019.934431
RHB1,nlarx,8,9.000000,4.555556,196510.619165
RHB1,nlarx,10,9.000000,4.555556,256510.619165