Experiment,Model,Order,Percentage,AvgIterations,Time
RHB1,ss,2,6.000000,3.500000,7109.090826
RHB1,ss,4,8.000000,4.875000,10431.422054
RHB1,ss,6,6.000000,3.833333,13842.927847
RHB1,ss,8,9.000000,5.111111,17663.874945
RHB1,ss,10,5.000000,7.800000,25872.154917
