Experiment,Model,Order,Percentage,AvgIterations,Time
RHB1,tf,2,4.000000,5.250000,4143.738460
RHB1,tf,4,10.000000,5.600000,3482.618207
RHB1,tf,6,6.000000,5.333333,3362.462453
RHB1,tf,8,7.000000,7.285714,3714.133759
RHB1,tf,10,5.000000,4.600000,4079.968309
