Experiment,Model,Order,Percentage,AvgIterations,Time
IGC,armax,2,31.000000,4.354839,27479.854330
IGC,armax,4,17.000000,6.470588,20532.534025
IGC,armax,6,30.000000,5.700000,29350.502120
IGC,armax,8,22.000000,5.954545,37732.200820
IGC,armax,10,19.000000,4.684211,53781.144303
