Experiment,Model,Order,Percentage,AvgIterations,Time
IGC,arx,2,15.000000,5.533333,2760.875878
IGC,arx,4,32.000000,5.156250,1717.223917
IGC,arx,6,13.000000,5.846154,2785.483026
IGC,arx,8,17.000000,5.176471,3612.642779
IGC,arx,10,27.000000,5.629630,4702.409113
