Experiment,Model,Order,Percentage,AvgIterations,Time
IGC,bj,2,24.000000,3.166667,94270.877286
IGC,bj,4,21.000000,5.857143,1194.195067
IGC,bj,6,22.000000,4.954545,1654.258347
IGC,bj,8,20.000000,4.500000,2430.092951
IGC,bj,10,11.000000,5.454545,7079.555240
