Experiment,Model,Order,Percentage,AvgIterations,Time
IGC,hw,2,9.000000,5.888889,31577.813659
IGC,hw,4,27.000000,4.851852,33490.882825
IGC,hw,6,26.000000,4.692308,35868.387937
IGC,hw,8,35.000000,4.942857,55323.936878
IGC,hw,10,24.000000,4.875000,46055.657008
