Experiment,Model,Order,Percentage,AvgIterations,Time
IGC,nlarx,2,22.000000,6.090909,93276.681800
IGC,nlarx,4,13.000000,5.000000,91277.043801
IGC,nlarx,6,17.000000,5.352941,97413.985497
IGC,nlarx,8,12.000000,4.333333,104479.197334
IGC,nlarx,10,19.000000,6.105263,77442.385483