Experiment,Model,Order,Percentage,AvgIterations,Time
IGC,ss,2,57.000000,4.719298,41056.639807
IGC,ss,4,69.000000,4.072464,43815.916702
IGC,ss,6,57.000000,3.596491,68375.778762
IGC,ss,8,58.000000,4.482759,71250.088708
IGC,ss,10,66.000000,4.151515,95881.984720
