Experiment,Model,Order,Percentage,AvgIterations,Time
IGC,tf,2,19.000000,5.578947,1242.960421
IGC,tf,4,21.000000,5.857143,1332.359940
IGC,tf,6,20.000000,5.300000,1924.998044
IGC,tf,8,17.000000,5.000000,3293.056777
IGC,tf,10,12.000000,4.916667,5988.945919
